code,name,postalCode,address,tel,fax,email,contactPerson,industry,notes
ｱ101,安芸電機㈱,737-0112,呉市広古新開5丁目5-2,0823-74-5151,0823-74-5153,,,,
ｱ102,株式会社ｱｲ･ｴｲﾁ･ｱｲ･ｱﾑﾃｯｸ,678-0041,兵庫県相生市相生5292,,,,,,
ｱ103,株式会社ｱｲﾒｯｸｽ,722-2323,広島県因島市土生町2293-1,,,,,,
ｱ104,株式会社 ｱｲ･ｴｲﾁ･ｱｲ･ﾏﾘﾝ,108-0022,東京都港区海岸3-22-23 MSCｾﾝﾀｰﾋﾞﾙ,03-3454-4790,03-3454-4810,,,,
ｱ106,株式会社ｱｲ･ｴﾑ･ｱｲ,100-0005,東京都千代田区丸ﾉ内1-6-2,03-3286-2371,03-3286-2373,,,,
ｱ111,株式会社 ｱｲ･ｲ-･ｴﾑ,135-0061,東京都江東区豊洲2丁目1番1号,03-3534-3841,03-3534-3891,,,,
ｱ112,ｱｷﾃﾚｺﾑ有限会社,737-0823,広島県呉市海岸3丁目17-23,0823-24-8851,,,,,
ｱ113,ISS ﾏｼﾅﾘｰｻｰﾋﾞｽ,541-0041,大阪府大阪市中央区北浜二丁目6番18号,06-6203-5156,06-6203-5195,,,,
ｱ114,旭機装株式会社,230-0051,神奈川県横浜市鶴見区鶴見中央3-4-36,045-510-2677,045-510-2670,,,,
ｱ115,株式会社 ｱｲ･ｲｰ･ｴﾑ  ｴﾝｼﾞﾆｱﾘﾝｸﾞ部,108-0022,東京都港区海岸3-22-23 MSCｾﾝﾀｰﾋﾞﾙ6階,03-3454-5149,03-3454-5141,,,,
ｱ116,麻生ｾﾝﾄﾗﾙ株式会社,102-0071,東京都千代田区富士見2丁目2-10,03-5275-1645,03-3263-4073,,,,
ｱ117,株式会社 IHIｴｽｷｭｰﾌﾞ,190-0011,東京都立川市高松町1-100,042-523-8315,042-523-8320,,,,
ｱ118,飛鳥ﾏﾘﾝ有限会社,651-0084,神戸市中央区磯辺通4丁目2-8,078-222-8850,078-222-8851,,,,
ｱ119,旭電機商事株式会社,737-0902,呉市焼山此原町20-1,0823-33-1888,0823-33-0225,,,,
ｱ120,株式会社,737-8515,呉市光町5番17号,0823-26-1228,0823-26-1464,,,,
ｱ121,荒木製作所,733-0802,広島市西区三滝本町1-37-7,082-238-5950,,,,,
ｱ122,ｱｻﾋ 鉄工所,737-2904,呉市川尻町森4丁目15-8,0823-87-3214,0823-87-3214,,,,
ｱ123,株式会社,732-0033,広島市東区温品1丁目1-26,082-280-3552,082-280-3561,,,,
ｱ124,有限会社,257-0015,神奈川県秦野市平沢320-6,0463-82-4545,0463-85-6013,,,,
ｱ125,株式会社,652-0863,兵庫県神戸市兵庫区和田宮通3-2-33,078-652-2881,078-652-2851,,,,
ｱ126,株式会社,108-0023,東京都港区芝浦4丁目13-23,03-6722-6893,03-3453-2061,,,,
ｱ127,株式会社 あすなろ,737-0103,広島県呉市広塩焼二丁目１‐５１,0823-71-3113,0823-71-3114,,,,
ｱ128,株式会社アマダ,259-1116,神奈川県伊勢原市石田２００,,,,,,インボイス番号: Ｔ7021001020895
ｱ129,株式会社 相浦機械,858-0908,長崎県佐世保市光町177-2,0956-47-3114,,,,,インボイス番号: T2310001007548
ｱ130,株式会社アップメディカル,858-0908,広島県福山市松永町4-2-14,084-925-6000,,,,,
ｲ100,石川島播磨重工業（株）,100-0005,東京都千代田区丸ﾉ内1丁目6-2,03-3286-2338,03-3286-2373,,,,
ｲ101,株式会社 ｱｲ･ｴｲﾁ･ｱｲ ﾏﾘﾝﾕﾅｲﾃｯﾄﾞ,737-0027,呉市昭和町2丁目1番,0823-26-2324,0823-21-8311,,,,
ｲ102,株式会社 ＩＨＩ,478-0046,愛知県知多市北浜町11-1,0562-31-8133,0562-31-8089,,,,
ｲ103,株式会社 ｱｲ･ｴｲﾁ･ｱｲ ﾏﾘﾝﾕﾅｲﾃｯﾄﾞ,108-0022,東京都港区海岸3丁目22番23号,03-3454-7165,03-3454-7115,,,,
ｲ104,株式会社今村造船所,737-0152,株式会社今村造船所,0823-79-1234,0823-79-5144,,,,
ｲ105,出光ﾀﾝｶｰ株式会社,169-0072,東京都新宿区大久保2丁目3－4 出光新宿ﾋﾞﾙ,03-5286-0619,03-5286-0625,,,,
ｲ106,株式会社 ｱｲ･ｴｲﾁ･ｱｲ ﾏﾘﾝﾕﾅｲﾃｯﾄﾞ,235-8501,神奈川県横浜市磯子区新中原町1,045-759-2955,045-759-2958,,,,
ｲ107,株式会社 ｲｸｽ･ｼﾞｰﾝ,733-0036,広島県広島市西区観音新町2-4-25,082-293-0225,082-293-0226,,,,
ｲ108,株式会社 市林鐵工所,737-1300,株式会社 市林鐵工所,0823-53-1122,0823-53-1123,,,,
ｲ109,岩国松山高速株式会社,,,,,,,,
ｲ110,ｲｲﾉｶﾞｽﾄﾗﾝｽﾎﾟｰﾄ株式会社,650-0031,兵庫県神戸市中央区東町123番地1,078-321-8611,078-331-7911,,,,
ｲ111,稲益造船株式会社,808-0074,北九州市若松区藤ノ木3丁目2-2,093-791-1525,093-791-1527,,,,
ｲ112,伊吹工業株式会社,101-0041,東京都千代田区神田須田町1-22,03-3251-4153,03-3251-4158,,,,インボイス番号: T8120001000129
ｲ113,石川電装株式会社,988-0021,宮城県気仙沼市港町506番11号,0226-22-5430,0226-23-1212,,,,
ｲ114,出光タンカー株式会社,101-0051,東京都千代田区神田神保町1丁目105番地,03-6860-5309,03-3219-7101,,,,
ｲ115,株式会社伊予マーク,731-0112,広島県広島市安佐南区東原1-16-3,082-850-0456,082-850-0369,,,,インボイス番号: T1500001000484
ｲ116,イタキシートメタル株式会社,739-2732,広島県東広島市黒瀬町津江920-1,0823-27-8168,0823-69-2007,,,,
ｳ101,BEMAC株式会社,799-2294,愛媛県今治市大西町九王甲1520,0898-53-6111,0898-53-2266,,,,インボイス番号: T1500001011226
ｳ102,有限会社,737-1207,呉市音戸町波多見1丁目1-49,0823-52-2727,0823-52-2728,,,,
ｳ103,宇根,,,,,,,,
ｳ104,臼井海運株式会社,985-0016,宮城県塩釜市港町2丁目15-18,022-365-5151,022-365-5154,,,,
ｳ105,渦潮電機株式会社,799-2294,愛媛県今治市大西町九王甲1520,0898-53-6111,0898-53-2019,,,,
ｳ106,BEMAC株式会社,799-2294,今治市大西町九王甲1520,0898-53-6111,0898-53-2019,,,,インボイス番号: T1500001011226
ｳ107,潮冷熱株式会社,794-0069,愛媛県今治市クリエイティブヒルズ5-3,0898-34-1205,0898-34-1206,,,,
ｴ101,浴田電気保安管理事務所,742-0021,山口県柳井市大字柳井6820-3,0820-22-9651,,,,,
ｴ102,ｴﾝﾄﾞﾚｽﾊｳｻﾞｰｼﾞｬﾊﾟﾝ株式会社,180-0006,東京都武蔵野市中町3-4-22,0422-55-0613,0422-55-0275,,,,
ｴ103,株式会社,649-1112,和歌山県日高郡由良町網代193-13,0738-65-1113,0738-65-2054,,,,
ｴ104,有限会社,739-2503,東広島市黒瀬町南方1168-1,0823-82-7115,0823-82-7135,,,,
ｴ105,ｴﾑｲｰｼｰｴﾝｼﾞﾆｱﾘﾝｸﾞｻｰﾋﾞｽ株式会社,730-8641,広島市中区江波沖町5-1,082-292-3251,082-295-0123,,,,
ｴ106,MSI Ship Management Pte Ltd,,,,,,,,
ｴ107,有限会社ｴｳﾞｧﾗｲﾝ,737-0107,広島県呉市広弁天橋町3-25,0823-71-3599,0823-71-8814,,,,
ｴ108,ｴﾑ･ｴﾑ･ｴｽ株式会社,153-0051,東京都目黒区上目黒1-18-12,03-3792-9811,,,,,
ｴ109,MR A.E.Nomicos,,,,,,,,
ｴ110,ｴｲｼｧﾝﾏﾘﾝﾄﾚｰﾃﾞｨﾝｸﾞ株式会社,101-0024,東京都千代田区神田和泉町1丁目9番3号,03-5821-8660,03-5821-8661,,,,
ｴ111,NSﾕﾅｲﾃｯﾄﾞ海運株式会社,100-8108,東京都千代田区大手町1丁目5番1号,03-6895-6702,03-6895-6736,,,,
ｴ112,有限会社,731-0102,広島県広島市安佐南区川内3丁目18番9号,082-879-7215,082-879-7882,,,,
ｴ113,株式会社 ｴｽﾜｲ,737-0921,広島県呉市苗代町126番地の30,0823-69-8686,0823-69-8686,,,,
ｴ114,有限会社 ＭＳＣ,653-0037,兵庫県神戸市長田区大橋町4-4-17-506,078-642-4616,078-643-1844,,,,
ｴ115,EIZO株式会社,140-0013,東京都品川区南大井6-22-7,03-5764-3400,03-5764-3420,,,,
ｴ116,TDC SHIPPING S.A.,105-8688,東京都港区虎ノ門2丁目1-1,,,,,,
ｴ117,株式会社 ｴﾇﾜｲ,105-0023,東京都港区芝浦1-13-10,03-6809-4540,,,,,
ｴ118,ｴﾑ･ｵｰ･ｴﾙ･ｼｯﾌﾟﾏﾈｰｼﾞﾒﾝﾄ株式会社,105-8688,東京都港区虎ノ門2丁目1-1,,,,,,
ｴ119,S.S.I.株式会社,799-2109,愛媛県今治市波方町養老甲526番地,0898-41-5833,0898-41-7305,,,,インボイス番号: T6500001013143
ｴ120,Ｌ．Ｓ．Ｔ．株式会社,738-0512,広島県広島市佐伯区湯来町白砂1215-4,0829-78-2236,0829-78-1346,,,,
ｵ102,有限会社,737-0123,呉市広両谷2丁目7-30,0823-73-0151,0823-73-0151,,,,
ｵ105,大阪電機工業株式会社,540-0005,大阪市中央区上町1丁目11-15,06-6762-2818,06-6762-2852,,,,インボイス番号: T8120001025921
ｵ106,大三島ﾌｪﾘー株式会社,794-1300,愛媛県越智郡上浦町井口6762,0897-87-2168,,,,,インボイス番号: T4240001027824
ｵ107,大成電業社,725-0300,広島県豊田郡大崎町,0846-64-2108,,,,,インボイス番号: T4240001027824
ｵ108,ｵﾘｴﾝﾄ ﾏﾘﾝ,750-0087,山口県下関市彦島福浦町1-5-2,0832-66-6965,0832-66-7965,,,,
ｵ109,大分ﾎｰﾊﾞｰﾌｪﾘｰ株式会社,870-0901,大分県大分市西新地1-14-1,097-552-6701,097-556-6247,,,,インボイス番号: T4240001027824
ｵ110,沖縄県知事 稲嶺 惠一 殿,900-8570,沖縄県知事 稲嶺 惠一 殿,090-3023-4470,,,,,
ｵ111,株式会社ｵｰﾐｴﾝｼﾞﾆﾔﾘﾝｸﾞ,650-0046,神戸市中央区港島中町5丁目1-1,078-302-0888,078-302-8583,,,,
ｵ112,新沖縄精器株式会社,903-0804,沖縄県那覇市首里石嶺町3丁目62,098-886-8062,098-886-8067,,,,
ｵ113,株式会社,552-0013,大阪市港区福崎町3-1-201,16-6577-2605,,,,,
ｵ114,有限会社,737-0112,呉市広古新開3丁目3-8,0823-73-6051,0823-72-0131,,,,
ｵ115,興永鋼材株式会社,734-0013,広島市南区出島1丁目34-61,082-255-9550,082-255-9553,,,,
ｵ116,ｵｰｼｬﾝﾏﾘﾀｲﾑ ｱﾝﾄﾞ ﾄﾚｰﾃﾞｨﾝｸﾞ株式会社,104-0045,東京都中央区築地二丁目七番十二号,03-3545-2071,03-3545-2073,,,,
ｶ101,紙村電業,737-0143,紙村電業,0823-72-2217,,,,,
ｶ102,神原造船株式会社,722-0062,尾道市向東町14754-3,0848-44-2013,0848-44-0518,,,,
ｶ103,神田造船所,737-0832,呉市若葉町1-16,0823-21-1571,0823-21-1575,,,,
ｶ104,ｶﾜｷ計測工業株式会社,651-2128,兵庫県神戸市西区玉津町今津176-1,078-911-1991,078-913-1543,,,,
ｶ105,上川,739-0269,東広島市志和町志和堀3071-2,0824-33-2063,,,,,
ｶ106,株式会社 ｶﾜｹﾝDMC,737-0112,呉市広古新開2丁目7-8,0823-74-9718,,,,,
ｶ107,河商鉄工株式会社,737-0051,呉市中央6丁目3番1号,0823-21-8211,0823-24-6123,,,,
ｶ108,有限会社  鶴洋電機,852-8035,長崎県長崎市油木町8/44,095-848-7650,095-848-4070,,,,
ｶ109,海外技術株式会社,650-0041,兵庫県神戸市中央区新港町8-2,078-331-2705,078-331-2703,,,,
ｶ110,川重商事株式会社,650-0044,兵庫県神戸市中央区東川崎町3-1-1,078-651-8970,078-681-0009,,,,
ｶ111,株式会社,737-2607,呉市川尻町東2丁目14-21,0823-87-3521,0823-87-3803,,,,
ｶ112,海洋産業株式会社,140-0003,東京都品川区八潮1丁目1番2号,03-3790-1491,03-3790-1497,,,,
ｶ113,海光電業株式会社,150-0022,東京都渋谷区恵比寿南1-11-15,03-3713-7161,03-3713-8262,,,,
ｶ114,神田,737-0033,呉市寺本町15-15,,,,,,
ｶ115,鹿児島船舶株式会社,455-0028,愛知県名古屋市港区潮見町37-75,052-614-5873,052-614-5867,,,,
ｶ116,海洋電波株式会社,737-0031,広島県呉市上長迫町2-1,0823-24-2932,0823-24-2937,,,,
ｶ117,有限会社,736-0082,広島市安芸区船越南5-6-36,082-823-6677,082-823-3687,,,,
ｷ101,協成電機株式会社,737-0133,呉市広末広1丁目4-3,0823-73-5111,0823-73-5143,,,,
ｷ102,木下海運株式会社,779-1200,徳島県那賀郡那賀川町中島1338,0884-42-0165,,,,,
ｷ103,ｷﾑﾗ海陸通商株式会社,552-0021,大阪市港区築港4丁目7-4,06-6576-2222,06-6576-2221,,,,
ｷ104,株式会社,140-0003,東京都品川区八潮1丁目1-2,03-3790-0591,03-3790-0590,,,,
ｷ105,旭洋造船株式会社,752-0953,下関市長府港町8-7,083-246-2620,083-245-4130,,,,
ｷ106,極洋電機株式会社,550-0023,大阪市西区千代崎1丁目19-1,06-6581-5814,06-6584-0566,,,,
ｷ107,九州商船株式会社,850-0035,長崎市元船町16番12号,095-822-9920,095-822-9025,,,,
ｷ108,京橋産業株式会社,737-0004,広島県呉市阿賀南1丁目8-20,0823-76-0555,0823-76-0600,,,,
ｷ109,北日本造船株式会社,031-0801,青森県八戸市江陽３丁目１－２５,0178-47-2761,0178-47-2762,,,"・船舶の建造
・構築用金属製品の製造及び販売
・土木工事の施工
・海運業",
ｷ110,有限会社 共栄ｺｰﾃｨﾝｸﾞ,739-0132,広島県東広島市八本松町正力581-1,082-428-5023,082-428-7065,,,,
ｷ111,共栄ﾀﾝｶｰ株式会社,108-0073,東京都港区三田三丁目,03-4477-7163,03-4477-7174,,,,
ｷ112,共栄ﾏﾘﾝ株式会社,105-0003,東京都港区西新橋3丁目8番1号 第2鈴丸ﾋﾞﾙ,03-3434-2586,03-3434-2325,,,,
ｸ101,呉ﾒｶﾆｯｸ工業株式会社,737-1207,安芸郡音戸町波多見1丁目1-49,0823-52-2727,0823-52-2728,,,,
ｸ102,呉松山ﾌｪﾘｰ株式会社,737-0004,呉市阿賀南5丁目3-22,0823-72-5400,,,,,
ｸ103,株式会社,737-0823,広島県呉市海岸4丁目7-1,0823-24-9345,0823-24-9348,,,,
ｸ104,株式会社,737-0027,呉市昭和町２－１,0823-26-2316,0823-26-2394,,,,
ｸ105,桑畑電機株式会社,551-0031,大阪市大正区泉尾6丁目5-6,06-6552-0951,06-6552-0955,,,,インボイス番号: T6120001027371
ｸ106,株式会社,737-0051,呉市中央6丁目8-16,0823-26-6860,0823-26-6870,,,,
ｸ107,株式会社,652-0883,兵庫県神戸市兵庫区明和通2-2-15,078-686-1860,078-686-0332,,,,
ｸ108,呉精器工業株式会社,737-0004,広島県呉市阿賀南2丁目11-1,0823-72-5611,0823-71-0019,,,,
ｸ109,株式会社,105-0004,東京都港区新橋5丁目7番12号丸石新橋ﾋﾞﾙ,03-3437-5022,03-3437-5322,,,,
ｹ101,芸備商船株式会社,734-0011,広島市南区宇品海岸1-11-23,082-253-0166,082-254-0462,,,,
ｹ102,ｹｰｹｰｴﾝｼﾞﾆｱﾘﾝｸﾞﾄﾚｰﾀﾞｰｽﾞ株式会社,106-0031,東京都港区西麻布3丁目24-11,03-3402-5221,03-3402-5222,,,,
ｹ103,警固屋船渠株式会社,737-0012,呉市警固屋通6丁目1-11,0823-28-1112,0823-28-2137,,,,
ｹ104,株式会社,737-0143,呉市広白石2丁目9-38,0823-27-8731,0823-27-8732,,,,
ｹ105,株式会社 ケーシーエス,737-0823,広島県呉市海岸三丁目１７番２３号,0823-24-8118,0823-24-8434,,,,
ｺ101,株式会社,578-0947,大阪府東大阪市西岩田4-1-32,06-6781-4351,06-6784-1321,,,,
ｺ102,株式会社,737-0835,呉市新宮町13-5,0823-22-5086,0823-23-5218,,,,
ｺ103,有限会社,729-2512,呉市安浦町安登西9丁目7-1,0823-84-7913,0823-84-7666,,,,
ｺ105,金剛汽船株式会社,737-1215,呉市音戸町早瀬2-4-5,0823-56-0155,,,,,
ｺ108,幸陽船渠株式会社,729-2252,三原市幸崎町能地544-13,,,,,,
ｺ109,弘和電機株式会社,798-0007,愛媛県宇和島市寿町2-5-15,0895-22-3850,0895-22-0069,,,,
ｺ110,株式会社 ｺﾌﾞｷ,733-0002,広島市西区楠木町3丁目9-24,082-236-0177,082-230-0178,,,,
ｺ111,広陽電機株式会社,730-0052,広島市中区千田町3丁目13-15,082-244-0054,,,,,
ｺ112,恒徳汽船株式会社,857-0055,長崎県佐世保市湊町5-13,0956-25-5161,0956-25-3180,,,,
ｺ113,光洋電機株式会社,653-0039,兵庫県神戸市長田区日吉町3丁目,078-621-1212,078-647-5511,,,,
ｺ114,株式会社,739-0021,東広島市西条町助実18番地1,082-423-9601,082-423-9994,,,,
ｺ115,ｺﾝｼﾘｱﾑ･ﾆｯﾀﾝﾏﾘｰﾝ株式会社,151-0072,東京都渋谷区幡ケ谷1-21-7,03-5465-1881,03-5465-1887,,,,
ｺ116,広洋計装株式会社,231-0023,神奈川県横浜市中区山下町207番地,045-201-3676,045-201-6374,,,,
ｺ117,神戸船用品株式会社,650-0044,兵庫県神戸市中央区東川崎町4丁目1-2,078-681-2791,078-681-2777,,,,
ｻ101,山陽船舶電機株式会社,722-0037,尾道市西御所町4-29,0848-22-7155,0848-22-2125,,,,
ｻ103,山陽商船株式会社,725-0024,広島県竹原市港町3丁目1-7,0846-22-2133,0846-22-1435,,,,
ｻ104,株式会社,550-0027,大阪市西区九条1丁目19番16号,06-6584-1382,06-6584-1383,,,,
ｻ105,三信船舶電具株式会社,810-0075,福岡県福岡市中央区港3丁目1-66,092-771-1237,092-724-1342,,,,
ｻ106,株式会社 山商広島,737-0056,呉市朝日町17-2,0823-24-1851,0823-24-1852,,,,
ｻ107,有限会社,722-0073,尾道市向島町5615-41,0848-44-3858,0848-44-5722,,,,
ｻ108,三信船舶電具㈱ 高松営業所,760-0064,香川県高松市朝日新町30-5,0878-26-1165,,,,,
ｻ109,SUSﾊﾟﾝﾁﾝｸﾞﾊﾟﾈﾙ商品化ｸﾞﾙｰﾌﾟ,,,,,,,,
ｻ110,坂井汽船株式会社,737-2608,呉市川尻町小用2-6-11,0823-87-2293,,,,,
ｻ111,ｻﾗﾏｯｸ貿易株式会社,550-0002,大阪府大阪市西区江戸堀1丁目22-38,06-6445-1885,06-6445-1882,,,,
ｻ112,株式会社,737-0144,呉市広白岳５丁目5-3,0823-73-1343,0823-74-2648,,,,
ｻ113,山陽鋼材株式会社,737-0143,呉市広白石2丁目8-3,0823-71-3266,0823-74-2853,,,,
ｻ114,三協ﾏｼﾅﾘｰ株式会社,794-0072,愛媛県今治市山路546-3,0898-31-1130,0898-32-7438,,,,
ｻ115,有限会社,639-1117,奈良県大和郡山市番条町599-1,0743-59-6827,0743-59-6828,,,,
ｻ116,三光電業株式会社,733-0833,広島市西区商工センター5丁目11-7,082-278-2351,082-277-5818,,,,インボイス番号: T4240001003973
ｻ117,"Sandigan Ship Services,Inc",,,,,,,,
ｻ118,佐藤汽船株式会社,722-0014,尾道市新浜1丁目6-15,0848-25-3636,0848-25-5333,,,,
ｻ119,株式会社,530-6109,大阪市北区中ノ島3-3-23,06-4803-6216,,,,,
ｻ120,株式会社,557-0063,大阪市西成区南津守5-13-37,06-6661-1308,06-6651-2205,,,,
ｻ121,株式会社,739-2626,東広島市黒瀬町市飯田字遠見ヶ畝31-3,0823-82-1343,0823-82-4670,,,,
ｻ122,三光電業株式会社,732-0816,広島県広島市南区比治山本町6番5号,082-254-6171,082-254-6177,,,,インボイス番号: T4240001003973
ｻ123,株式会社三協電機,729-0141,広島県尾道市高須町875-21,0848-48-4356,0848-48-4355,,,,
ｻ124,株式会社三和ﾄﾞｯｸ,722-2102,広島県尾道市因島重井町600番地,0845-26-1111,0845-26-1000,,,,
ｻ125,三英電機工業所,737-0032,広島県呉市本町1番2号,0823-21-3209,0823-21-4916,,,,
ｻ126,さくら海運株式会社,737-0875,広島県呉市天応大浜3-2-21,0823-38-8988,0823-38-8977,,,,
ｻ127,三和電気株式会社,729-0141,広島県尾道市高須町875-21,0848-48-4356,0848-48-4355,,,,
ｼ101,新日本海重工業株式会社,931-8345,富山市西宮71,0764-37-9271,0764-38-1431,,,,
ｼ102,清水電機株式会社,737-0823,呉市海岸1丁目4-1,0823-22-2927,0823-22-2675,,,,
ｼ103,株式会社ｼﾞｪｰ･ｱｰﾙ･ｼｰ･ｴｽ,750-8515,下関市東大和町1丁目2-14,0832-61-0300,0823-61-0330,,,,
ｼ104,株式会社ｼﾞｪ-･ｱ-ﾙ･ｼ-･ｴｽ   東京営業所,150-0036,東京都渋谷区南平台町13-15,03-3463-7841,03-5458-7485,,,,
ｼ105,富士電機株式会社,791-1102,松山市来住町1194,089-975-3640,089-975-5459,,,,
ｼ106,志和貨物自動車株式会社,739-0267,広島県東広島市志和町別府1905-1,0824-33-2018,0824-33-2094,,,,インボイス番号: T9240001022829
ｼ107,新池,,,,,,,,
ｼ108,株式会社 ｼｰﾒｲﾄ,733-0012,広島県広島市西区中広町1丁目4-20,082-235-2351,082-235-2352,,,,
ｼ109,新日本石油ﾏﾘﾝｻｰﾋﾞｽ株式会社,891-0202,鹿児島県揖宿郡喜入町中名塞汐入1003-5,0993-45-1233,0993-45-2541,,,,
ｼ110,新日本石油タンカー株式会社,231-0062,神奈川県横浜市中区桜木町1丁目1-8,045-683-2697,045-683-2690,,,,
ｼ111,商船三井ﾃｸﾉﾄﾚｰﾄﾞ株式会社,221-0035,神奈川県横浜市神奈川区星野町1番地,045-441-2081,045-441-2084,,,,
ｼ112,新糸満造船株式会社,901-0305,沖縄県糸満市西崎1丁目6-2,098-994-5111,098-992-3650,,,,
ｼ113,松栄商事株式会社,730-0854,広島市中区土橋町5番15号,082-291-2666,082-291-2660,,,,
ｼ114,株式会社,737-0303,呉市下蒲刈町下島3264-5,0823-65-2193,0823-65-2237,,,,
ｼ115,JRCS株式会社,759-6301,下関市豊浦町川棚2155,083-775-1115,083-775-1150,,,,インボイス番号: T5250001006140
ｼ116,ｼﾞｬﾊﾟﾝ ﾏﾘﾝﾕﾅｲﾃｯﾄﾞ株式会社,737-0027,呉市昭和町2番1号,0823-26-2267,0823-26-2496,,,,インボイス番号: T8020001076641
ｼ117,ｼﾞｬﾊﾟﾝ ﾏﾘﾝﾕﾅｲﾃｯﾄﾞ株式会社,235-8501,神奈川県横浜市磯子区新杉田町12番地,045-759-2317,045-759-2622,,,,インボイス番号: T8020001076641
ｼ118,株式会社,678-0041,兵庫県相生市相生5292,0791-24-2424,0791-24-2493,,,,
ｼ119,商船三井ﾃｸﾉﾄﾚｰﾄﾞ株式会社,650-0027,兵庫県神戸市中央区中町通2-1-18,078-367-5621,078-367-5634,,,,
ｼ120,有限会社,737-0303,広島県呉市下蒲刈町下島3406-3,0823-65-2056,,,,,
ｼ121,信栄電機株式会社,650-0022,兵庫県神戸市中央区元町通5丁目5-2,078-341-3654,078-361-3736,,,,
ｼ122,株式会社,530-0012,大阪府大阪市北区芝田2-8-31,06-6372-1515,06-6373-2766,,,,
ｼ123,新中鈴株式会社,100-0013,東京都千代田区霞が関3-2-1,03-5532-5410,03-5532-5415,,,,
ｼ124,ｼﾞｬﾊﾟﾝ ﾏﾘﾝﾕﾅｲﾃｯﾄﾞ株式会社,869-0113,熊本県玉名郡長洲町大字有明1番地,0968-65-7272,,,,,インボイス番号: T8020001076641
ｼ125,ｼﾞｬﾊﾟﾝ ﾏﾘﾝﾕﾅｲﾃｯﾄﾞ株式会社,108-0014,東京都港区芝5丁目36-7,03-6722-6320,,,,,インボイス番号: T8020001076641
ｼ126,ｼﾞｬﾊﾟﾝ ﾏﾘﾝﾕﾅｲﾃｯﾄﾞ株式会社,514-0398,三重県津市雲出鋼管町1番地3,059-238-6344,059-238-6437,,,,インボイス番号: T8020001076641
ｼ127,ｼﾞｬﾊﾟﾝﾏﾘﾝｿﾘｭｰｼｮﾝｽﾞ株式会社,113-0033,東京都文京区本郷3-11-5,03-6801-6785,03-6801-6786,,,,
ｼ128,ｼﾞｮｲﾎﾟｰﾄ南淡路株式会社,656-0501,兵庫県南あわじ市福良甲1530-14,0799-52-0054,0799-52-3081,,,,
ｼ129,ｼﾞｬﾊﾟﾝ ﾏﾘﾝﾕﾅｲﾃｯﾄﾞ株式会社,722-2393,広島県尾道市因島土生町2477番地16,0845-22-1220,0845-22-0383,,,,インボイス番号: T8020001076641
ｼ130,ｼﾞｬﾊﾟﾝ ﾏﾘﾝﾕﾅｲﾃｯﾄﾞ株式会社,737-0027,呉市昭和町2番1号,0823-26-2346,0823-26-2181,,,,インボイス番号: T8020001076641
ｼ131,有限会社 柴田電機商会,222-0026,神奈川県横浜市港北区篠原町1034-1,045-433-2550,,,,,
ｼ132,ｼﾞｬﾊﾟﾝ ﾏﾘﾝﾕﾅｲﾃｯﾄﾞ株式会社,625-8501,京都府舞鶴市余部下１１８０番地,0773-62-8712,0773-62-8849,,,,インボイス番号: T8020001076641
ｽ101,周防大島松山ﾌｪﾘｰ株式会社,742-2601,山口県大島郡周防大島町伊保田1366-3,0820-75-1575,0820-75-5312,,,,インボイス番号: T4240001027824
ｽ102,菅原汽船株式会社,737-0154,呉市仁方桟橋通18-9,0823-79-5887,0823-79-5889,,,,
ｽ103,ｽﾅﾐ ﾏﾘﾝ株式会社,652-0831,兵庫県神戸市兵庫区七宮町1丁目4-22,078-651-5477,,,,,
ｽ104,住友重機械ﾏﾘﾝｴﾝｼﾞﾆｱﾘﾝｸﾞ株式会社,237-8555,神奈川県横須賀市夏島町19番地,046-869-1635,046-869-1786,,,,
ｽ105,国立研究開発法人,851-2213,長崎県長崎市多以良町1551-8,095-860-1610,095-850-7767,,,,
ｾ101,誠和産業株式会社,737-0003,呉市阿賀中央3丁目1-13,0823-73-6636,0823-74-1238,,,,
ｾ102,せとうち物流株式会社,721-0955,広島県福山市新涯町2丁目23-1,0849-54-0210,,,,,
ｾ103,ｾﾝｺｰ株式会社,105-0014,東京都港区芝2丁目5-6,03-5730-7013,03-5730-7028,,,,
ｾ104,株式会社 正興電機製作所,812-0008,福岡県福岡市博多区東光２丁目７番２５,092-473-8939,092-473-9065,,,,
ｿ101,造船共同企業体,808-0021,北九州市若松区碧町1丁目87-1,093-752-1425,093-752-1428,,,,
ﾀ101,第一舶用電機株式会社,737-0823,呉市海岸2丁目13-7,0823-21-6588,,,,,
ﾀ103,大新電工株式会社,737-0822,呉市築地町4-40,0823-22-6111,,,,,インボイス番号: T4240001027824
ﾀ104,ﾀｲｺｳ工業株式会社,722-0037,尾道市西御所10-1,0848-23-2323,,,,,
ﾀ105,玉力汽船株式会社,729-2606,呉市川尻町久筋2-7-37,0823-87-2056,0823-87-6058,,,,
ﾀ106,第一工営株式会社,314-0051,茨城県鹿島郡神栖町光1番地,0299-82-9195,0299-82-6217,,,,
ﾀ107,ﾀﾞｲﾅﾐｯｸﾂｰﾙ株式会社,222-0032,神奈川県横浜市港北区大豆戸町365-1,045-545-5531,045-545-5512,,,,
ﾀ108,太平洋ﾌｪﾘｰ株式会社,455-0847,名古屋市港区空見町40番地,052-398-1454,052-398-1019,,,,
ﾀ109,ﾀﾞｲﾊﾂﾃﾞｨｰｾﾞﾙ中日本株式会社,732-0827,広島市南区稲荷町4-1,082-262-2754,082-262-2760,,,,
ﾀ110,大洋電化株式会社,801-0885,北九州市門司区新開4-5,093-331-8031,093-331-8032,,,,インボイス番号: T4240001027824
ﾀ111,高橋塗装工業株式会社,730-0835,広島市中区江波南2丁目11-20,082-292-5755,082-231-0893,,,,
ﾀ112,ﾀｸﾃｨ株式会社,153-0051,東京都目黒区上目黒1-18-12,03-3760-1370,03-3760-8053,,,,
ﾀ113,有限会社,737-0883,呉市天応西条2丁目13-2,0823-38-8065,0823-38-7486,,,,
ﾀ114,第一中央ﾏﾘﾝ株式会社,104-0041,東京都中央区新富2丁目14-4,03-3523-8935,,,,,
ﾀ115,N.C.N CORPORATION,,,,,,,,
ﾀ116,第一交易株式会社,550-0004,大阪府大阪市西区靱本町1-11-7,06-6448-3550,06-6448-3600,,,,
ﾀ117,大洋電機株式会社,372-0827,群馬県伊勢崎市八斗島町726,0270-32-1234,0270-31-2789,,,,インボイス番号: T4240001027824
ﾀ118,株式会社 大東船舶電業舎,750-0075,山口県下関市彦島江の浦町2丁目1-38,083-266-5125,083-267-7079,,,,インボイス番号: T4240001027824
ﾁ101,中国機材設備株式会社,,呉市広古新開3-6-18,0823-74-6161,0823-74-5533,,,,
ﾁ102,株式会社千代田組中国支店 福山営業所,720-0812,福山市霞町1丁目2-3,0849-21-0431,0849-21-0433,,,,
ﾁ103,長栄造船株式会社,851-0301,長崎県長崎市深堀町1丁目1-4,095-834-3914,095-834-3917,,,,
ﾁ104,中国表面処理工業組合,739-2117,東広島市高屋台1丁目5番18号,082-434-6160,082-434-6188,,,,
ﾁ105,中鋼運輸株式会社,737-0104,広島県呉市広町田２丁目７－４１,0823-73-2281,,,,,インボイス番号: T6240001026196
ﾁ106,チバマリンヨコハマ株式会社,231-0813,神奈川県横浜市中区かもめ町 4,045-621-5701,045-621-8364,,,,
ﾂ101,常石造船株式会社,720-0393,福山市沼隈町常石1083,084-987-1105,084-987-4192,,,,インボイス番号: T8240001037704
ﾂ102,ﾂﾈｲｼﾎｰﾙﾃﾞｨﾝｸﾞｽ株式会社,720-0398,広島県福山市沼隈町大字常石1083,0849-87-1311,0849-87-3812,,,,
ﾂ103,ﾂﾈｲｼﾎｰﾙﾃﾞｨﾝｸﾞｽ株式会社,764-0018,香川県仲多度郡多度津町東港町1-1,0877-33-4239,0877-32-6263,,,,
ﾂ104,常石商事株式会社,720-0393,広島県福山市沼隈町常石1083番地,084-987-1311,084-987-3331,,,,
ﾃ101,寺崎電気産業株式会社,545-0021,大阪市阿倍野区阪南町7丁目2-10,06-6692-1131,,,,"・船舶用システム製品
配電制御システム、集合始動器盤、監視制御システム、高圧配電盤、停泊中船舶への陸電供給システム、船員教育訓練システム、オンボードデータプラットフォーム
・産業用システム製品
配電制御システム、コージェネレーション向け制御システム、電子応用製品、高圧配電盤
・機器（ブレーカ）製品
気中遮断器、配線用遮断器、漏電遮断器、ケーブル貫通部用総合防災品
・メディカルデバイス
医療機器、臨",インボイス番号: T6120001005889
ﾃ102,ﾃｸﾉﾏﾘﾝ株式会社,652-0813,兵庫県神戸市兵庫区兵庫町1丁目1-27,078-685-0250,078-685-0255,,,,
ﾃ103,ﾃﾗｻｷ伊万里株式会社,849-4256,佐賀県伊万里市山代町久原3798-4,0955-20-2185,0955-20-2176,,,,インボイス番号: T1120001098673
ﾃ104,寺崎(中国)電気設備有限公司,,广州増城市新塘太平洋工 区72号,86-20-8270,,,,,
ﾃ105,ﾃﾗﾃｯｸ株式会社,547-0002,大阪市平野区加美東7丁目2-10,06-7634-7531,06-7634-7541,,,,
ﾃ106,寺崎電気産業株式会社,545-0021,大阪市阿倍野区阪南町7丁目2-10,06-6692-1138,06-6694-5490,,,"・船舶用システム製品
配電制御システム、集合始動器盤、監視制御システム、高圧配電盤、停泊中船舶への陸電供給システム、船員教育訓練システム、オンボードデータプラットフォーム
・産業用システム製品
配電制御システム、コージェネレーション向け制御システム、電子応用製品、高圧配電盤
・機器（ブレーカ）製品
気中遮断器、配線用遮断器、漏電遮断器、ケーブル貫通部用総合防災品
・メディカルデバイス
医療機器、臨",インボイス番号: T6120001005889
ﾃ107,ﾃﾗｻｷ伊万里株式会社,849-4256,佐賀県伊万里市山代町久原3798-4,0955-20-2185,0955-20-2176,,,,インボイス番号: T1120001098673
ﾃ108,寺崎電気産業株式会社,103-0025,東京都中央区日本橋茅場町1-6-10,03-5644-0150,,,,"・船舶用システム製品
配電制御システム、集合始動器盤、監視制御システム、高圧配電盤、停泊中船舶への陸電供給システム、船員教育訓練システム、オンボードデータプラットフォーム
・産業用システム製品
配電制御システム、コージェネレーション向け制御システム、電子応用製品、高圧配電盤
・機器（ブレーカ）製品
気中遮断器、配線用遮断器、漏電遮断器、ケーブル貫通部用総合防災品
・メディカルデバイス
医療機器、臨",インボイス番号: T6120001005889
ﾃ109,株式会社ﾃｸﾉｶｼﾜ,140-0004,東京都品川区南品川2-3-6,03-3472-2491,03-3472-2523,,,,
ﾃ110,寺崎電気産業株式会社,762-0044,香川県坂出市本町 3-6-12,0877-85-9001,0877-85-9002,,,"・船舶用システム製品
配電制御システム、集合始動器盤、監視制御システム、高圧配電盤、停泊中船舶への陸電供給システム、船員教育訓練システム、オンボードデータプラットフォーム
・産業用システム製品
配電制御システム、コージェネレーション向け制御システム、電子応用製品、高圧配電盤
・機器（ブレーカ）製品
気中遮断器、配線用遮断器、漏電遮断器、ケーブル貫通部用総合防災品
・メディカルデバイス
医療機器、臨",インボイス番号: T6120001005889
ﾄ102,株式会社土肥工務店,737-0032,呉市本町19,0823-22-5475,0823-22-9229,,,,
ﾄ103,ﾄｰﾖｰﾏﾘﾝ株式会社,737-1215,広島県安芸郡音戸町早瀬3丁目10-3,0823-56-0752,0823-56-1373,,,,
ﾄ104,株式会社,541-0042,大阪市中央区今橋2-1-7,06-231-6101,06-231-9304,,,,
ﾄ105,ﾄﾆｰ･ﾏﾘﾀｲﾑ,272-0804,千葉県市川市南大野2-4-C-1101,047-339-1600,047-339-1604,,,,
ﾄ106,徳神海運株式会社,650-0037,兵庫県神戸市中央区明石町18番地,078-331-0582,078-331-2561,,,,
ﾄ107,東京計器株式会社,329-2136,栃木県矢板市東町333-4,0287-43-5749,0287-43-3994,,,"計測・認識・制御技術を基盤に、舶用機器や流体計測機器、油圧・空圧機器、防衛・通信、鉄道保線、宇宙・衛星関連など幅広い分野の製品・システムを展開する精密機器メーカー。

•船舶港湾機器事業
•油空圧機器事業
•流体機器事業
•防衛・通信機器事業
•鉄道機器事業
•検査機器事業（画像検査）

",インボイス番号: T3010801008436
ﾄ108,株式会社,737-0303,呉市下蒲刈町下島3265-9,0823-65-2657,0823-65-2766,,,,
ﾄ109,株式会社,854-0065,長崎県諫早市津久葉町5番73号,0957-26-1328,0957-25-3528,,,,
ﾄ110,東京計器株式会社,652-0802,神戸市兵庫区水木通3-4-13,078-577-0210,078-577-0240,,,"計測・認識・制御技術を基盤に、舶用機器や流体計測機器、油圧・空圧機器、防衛・通信、鉄道保線、宇宙・衛星関連など幅広い分野の製品・システムを展開する精密機器メーカー。

•船舶港湾機器事業
•油空圧機器事業
•流体機器事業
•防衛・通信機器事業
•鉄道機器事業
•検査機器事業（画像検査）

",インボイス番号: T3010801008436
ﾄ111,株式会社,985-0001,宮城県塩竈市新浜町2丁目11番1号,022-365-5155,022-364-9664,,,,
ﾄ112,ﾄﾞﾋﾊｳｽ 株式会社,737-0032,広島県呉市本町3-19,0823-22-5475,0823-24-6050,,,,
ﾄ113,株式会社,737-0822,広島県呉市築地町5番14号,0823-22-5171,0823-22-5345,,,,
ﾄ114,東京計器株式会社,794-0015,愛媛県今治市常磐町4-4-7,0898-23-6161,0898-23-7731,,,"計測・認識・制御技術を基盤に、舶用機器や流体計測機器、油圧・空圧機器、防衛・通信、鉄道保線、宇宙・衛星関連など幅広い分野の製品・システムを展開する精密機器メーカー。

•船舶港湾機器事業
•油空圧機器事業
•流体機器事業
•防衛・通信機器事業
•鉄道機器事業
•検査機器事業（画像検査）

",インボイス番号: T3010801008436
ﾄ115,TRANS PACIFIC SHIPPING 1 LTD.,100-0005,東京都千代田区丸の内2-3-2,,,,,,
ﾄ116,東洋無線株式会社,737-0004,広島県呉市阿賀南二丁目,0823-69-0121,0823-69-0122,,,,
ﾅ101,内海造船株式会社（瀬戸田）,722-2413,尾道市瀬戸田町沢226-6,,,,,"・新造船事業
フェリー、コンテナ船、プロダクトタンカー、バルクキャリア、一般貨物船、自動車運搬船、冷蔵運搬船、RORO船、調査船等の建造
・修繕船事業
各種船舶、官公庁船 (保安庁、自衛隊、学校の練習船) の修理、改造
",インボイス番号: T9240001038924
ﾅ102,株式会社名村造船所,550-0012,株式会社名村造船所,06-543-3561,06-541-0008,,,"・船舶の製造
(タンカー、バルクキャリアー、コンテナ船、自動車運搬船等)
・船舶の修繕
・橋梁の設計・製造・架設
・各種鉄構造物の設計・製造・架設",
ﾅ103,内外運輸株式会社,737-0046,呉市中通1丁目1-7,0823-21-4952,,,,,
ﾅ104,内海造船株式会社（田熊）,722-2324,尾道市因島田熊町2517-1,0845-22-1411,0845-22-0353,,,"・新造船事業
フェリー、コンテナ船、プロダクトタンカー、バルクキャリア、一般貨物船、自動車運搬船、冷蔵運搬船、RORO船、調査船等の建造
・修繕船事業
各種船舶、官公庁船 (保安庁、自衛隊、学校の練習船) の修理、改造
",インボイス番号: T9240001038924
ﾅ105,中原建設株式会社,729-2603,豊田郡川尻町西1丁目2-42,0823-87-2446,0823-87-2781,,,,
ﾅ106,中山金属株式会社,,広島市東区副町108-8,082-899-2900,082-899-5633,,,,
ﾅ107,株式会社,742-1353,中村造船鉄工所,,,,,,
ﾅ108,ﾅﾌﾞﾃｽｺ株式会社,651-2413,兵庫県神戸市西区福吉台1丁目1617-1,078-967-1401,078-967-1279,,,,
ﾅ109,ﾅｶｼｷ工業有限会社,737-0883,呉市天応西条4丁目5-8,0823-38-7895,0823-38-1073,,,,
ﾅ110,株式会社 浪速ﾎﾟﾝﾌﾟ製作所,550-0013,大阪府大阪市西区新町3丁目11-5,06-6541-6131,06-6535-1884,,,,
ﾅ111,中村海運株式会社,739-2402,中村海運株式会社,0846-45-1403,,,,,
ﾅ112,中栄ﾏﾘﾝ株式会社,700-0941,岡山市北区青江1-13-53,086-232-5824,,,,,
ﾅ120,株式会社,848-0121,名村造船所,0955-27-1120,0955-27-1232,,,,
ﾅ121,長鋪汽船株式会社,714-0034,岡山県笠岡市神島外浦2776-2,0865-67-2311,0865-67-2313,,,,
ﾅ122,中島汽船株式会社,791-8081,愛媛県松山市高浜町5丁目2259-1,082-952-7277,,,,,
ﾆ102,株式会社日本電化工業所      （本社）,553-0003,大阪市福島区福島1丁目4-8,06-458-5621,06-451-7953,,,（商社）産業用電機機器の専門。配線盤、制御盤、計測機器、FA部品、プラント制御システムなど幅広く取り扱う。,インボイス番号: T2120001036946
ﾆ103,株式会社日本電化工業所,732-0052,広島市東区光町1町目7-27,082-261-3181,082-262-7858,,,（商社）産業用電機機器の専門。配線盤、制御盤、計測機器、FA部品、プラント制御システムなど幅広く取り扱う。,インボイス番号: T2120001036946
ﾆ104,株式会社日本無線電機ｻｰﾋﾞｽ社,750-8515,下関市東大和町１丁目2-14,,,,,,インボイス番号: T3012401012867
ﾆ105,株式会社日本電化工業所        （高松）,761-0301,高松市林町1885-1,0878-68-2576,0878-68-2596,,,（商社）産業用電機機器の専門。配線盤、制御盤、計測機器、FA部品、プラント制御システムなど幅広く取り扱う。,インボイス番号: T2120001036946
ﾆ106,株式会社西日本ｴﾝｼﾞﾆｱﾘﾝｸﾞ,737-0114,広島県呉市広文化町12-3,0823-71-2250,0823-71-2025,,,,
ﾆ108,株式会社日本電化工業所     （東京）,141-0031,東京都品川区西五反田7-1-9,03-3493-6067,03-3493-6074,,,（商社）産業用電機機器の専門。配線盤、制御盤、計測機器、FA部品、プラント制御システムなど幅広く取り扱う。,インボイス番号: T2120001036946
ﾆ109,株式会社,737-0134,呉市広多賀谷2丁目5-37,0823-73-2100,0823-74-1827,,,,
ﾆ110,日本無線株式会社  関西支社,530-0001,大阪市北区梅田3-4-5,06-6344-1633,06-6344-1681,,,,インボイス番号: T3012401012867
ﾆ111,日本無線株式会社,164-8570,東京都中野区中野4丁目10-1,03-6832-1807,03-6832-1844,,,"情報通信機械機器具製造業
航海機器、陸上システム、無線LAN 　",インボイス番号: T3012401012867
ﾆ112,日本無線株式会社 中国支店,730-0013,広島市中区八丁堀14-4 第一生命ﾋﾞﾙ10F,082-224-5551,082-224-5599,,,,インボイス番号: T3012401012867
ﾆ113,西川電機工作所,737-1214,広島県安芸郡音戸町藤ﾉ脇,0823-56-1643,0823-56-1643,,,,
ﾆ114,株式会社,737-0902,呉市焼山此原1-6,0823-33-3131,0823-33-7771,,,,
ﾆ115,日本無線株式会社,181-8510,東京都三鷹市下連雀5-1-1,0422-45-9145,0422-45-9289,,,"情報通信機械機器具製造業
航海機器、陸上システム、無線LAN 　",インボイス番号: T3012401012867
ﾆ116,日本無線株式会社,031-0811,青森県八戸市新湊2-4-10,0178-33-5222,,,,"情報通信機械機器具製造業
航海機器、陸上システム、無線LAN 　",インボイス番号: T3012401012867
ﾆ117,日本無線株式会社,730-0013,広島市中区八丁堀7-2,082-224-5551,082-224-5599,,,"情報通信機械機器具製造業
航海機器、陸上システム、無線LAN 　",インボイス番号: T3012401012867
ﾆ118,日鐵物流君津株式会社,299-1141,千葉県君津市君津1番地,0439-52-2320,0439-52-5744,,,,
ﾆ119,日本ﾏﾝﾄﾙ・ｸｴｽﾄ株式会社,103-0012,東京都中央区日本橋堀留町2-4-3,03-6892-0430,03-6855-3181,,,,
ﾆ120,日本測器株式会社,732-0805,広島市南区東荒神町3-35,082-263-9403,082-263-9541,,,,インボイス番号: T5140001012224
ﾆ121,一般財団法人,102-8567,東京都千代田区紀尾井町4-7,03-5226-2015,03-5226-2012,,,,
ﾆ122,日本無線株式会社,812-0024,福岡県福岡市博多区綱場町4-1 福岡RDビル2F,092-262-2141,092-262-2129,,,"情報通信機械機器具製造業
航海機器、陸上システム、無線LAN 　",インボイス番号: T3012401012867
ﾆ123,日鮮海運株式会社,794-2305,愛媛県今治市伯方町木浦甲829-1,0897-72-1478,0897-72-0606,,,,
ﾆ124,株式会社日本電化工業所     （東京/海外）,141-0031,東京都品川区西五反田7-1-9,03-3493-6067,03-3493-6074,,,（商社）産業用電機機器の専門。配線盤、制御盤、計測機器、FA部品、プラント制御システムなど幅広く取り扱う。,インボイス番号: T2120001036946
ﾆ125,日鋼YPK商事株式会社,736-0082,広島県広島市安芸区船越南一丁目6-1,082-822-7523,082-822-2427,,,,
ﾆ126,日本郵船株式会社,100-0005,東京都千代田区丸の内2-3-2,03-3284-5805,,,,,
ﾆ127,日本無線株式会社,135-0053,東京都江東区辰巳1-7-32,03-5534-1220,,,,"情報通信機械機器具製造業
航海機器、陸上システム、無線LAN 　",インボイス番号: T3012401012867
ﾆ128,日本無線株式会社,135-0053,東京都江東区辰巳1-7-32,03-5534-1115,03-5534-1199,,,"情報通信機械機器具製造業
航海機器、陸上システム、無線LAN 　",インボイス番号: T3012401012867
ﾆ129,日本無線株式会社,781-0812,高知県高知市若松町１３‐１５,088-883-8871,088-885-3297,,,"情報通信機械機器具製造業
航海機器、陸上システム、無線LAN 　",インボイス番号: T3012401012867
ﾆ130,日本無線株式会社,852-8003,長崎県長崎市旭町1-20,095-861-8148,095-862-8944,,,"情報通信機械機器具製造業
航海機器、陸上システム、無線LAN 　",インボイス番号: T3012401012867
ﾆ131,日本無線株式会社,381-2289,長野県長野市稲里834番地,026-214-6943,026-214-6907,,,"情報通信機械機器具製造業
航海機器、陸上システム、無線LAN 　",インボイス番号: T3012401012867
ﾆ132,日鉄ﾃｯｸｽｴﾝｼﾞ株式会社,737-0051,広島県呉市中央1-2-3,0823-24-7144,0823-24-7229,,,,
ﾈ001,NEPTUNE DRY MANAGEMENT COMPANY,,,,,,,,
ﾊ101,株式会社,555-0025,大阪市西淀川区姫里2丁目4-7,06-473-0861,06-473-0959,,,,
ﾊ102,花房汽船株式会社,,豊田郡川尻町川尻2759-2,0823-87-2134,0823-87-5517,,,,
ﾊ103,濱口船具株式会社,,神戸市中央区担生町5丁目10-21,078-681-6745,078-681-3364,,,,
ﾊ104,株式会社,103-0025,東京都中央区日本橋茅場町3-6-4,03-3662-5923,03-3662-5921,,,,
ﾊ106,馬場海運株式会社,737-0311,安芸郡蒲刈町向2765,0823-68-0564,,,,,
ﾊ107,株式会社 ﾊｼｿﾞｳ,799-2118,愛媛県今治市波止浜1番地,0898-41-9600,,,,,
ﾊ108,八光ｴﾝｼﾞﾆｱﾘﾝｸﾞ株式会社,424-0037,静岡県清水市袖師町1157番地-1,0543-66-8551,0543-66-8525,,,,
ﾊ109,有限会社 ﾊｾﾍﾞ商会,737-0935,広島県呉市焼山中央5丁目13-30,0823-34-4150,0823-34-4149,,,,
ﾊ110,株式会社 博電社,,下関市東大和町2丁目15-12,0832-67-7171,0832-67-5056,,,,
ﾊ111,花房汽船株式会社,734-0015,広島市南区宇品御幸3-4-15,082-250-6766,082-250-6877,,,,
ﾊ112,有限会社,737-0004,呉市阿賀南2丁目4-15,0823-72-0072,0823-71-0104,,,,
ﾊ113,八星商事株式会社,106-0031,東京都港区西麻布3丁目24-23,03-5410-8201,03-5410-8205,,,,
ﾊ114,舶用計器ｻｰﾋﾞｽ株式会社,102-0073,東京都千代田区九段北1-10-1,03-3261-2623,03-3234-6385,,,,
ﾊ115,函館どつく株式会社,040-8605,函館市弁天町20番3号,0138-22-3115,0138-23-3417,,,"・船舶・艦艇の設計、建造、修繕、改造、点検 
・橋梁の製作、架設
・各種鋼構造物の製作、据付 （鉄骨・水門・タンク・プール・貯蔵設備等）
・各種産業機械の製作、据付（圧力容器・原子力機器・クレーン・荷役機械等）
",インボイス番号: T6440001004124
ﾊ116,八星貿易株式会社,105-0012,東京都港区芝大門1-6-6,03-6809-2138,03-6809-2140,,,,
ﾊ117,株式会社 花崎造船所,238-0013,神奈川県横須賀市平成町3丁目18番地,046-822-2470,046-822-2933,,,,インボイス番号: T8021001040934
ﾊ118,有限会社 橋本電設,737-0903,広島県呉市焼山西1-4-1,0823-33-9156,0823-34-1525,,,,
ﾊ119,有限会社 ハイマックス,739-2302,広島県東広島市福富町下竹仁1926-1,082-430-1388,082-430-1377,,,,
ﾋ101,広島船舶電具株式会社,722-0026,尾道市栗原西1丁目9-13,0848-23-3716,0848-23-3717,,,,
ﾋ102,株式会社,737-0154,呉市仁方桟橋通12-4,0823-79-5219,,,,,
ﾋ103,株式会社,737-0134,呉市広多賀谷2丁目2-4,0823-73-1115,0823-74-3490,,,,
ﾋ104,日の出海運株式会社,729-2607,豊田郡川尻町東1丁目27－10,0823-87-2104,0823-87-2140,,,,
ﾋ105,有限会社,737-0821,呉市三条2丁目3-21,0823-22-3230,0823-22-2424,,,,
ﾋ106,"HYUNDAI HEAVY INDUSTRIES CO.,LTD.",,,,,,,,
ﾋ107,BHP PETROLEUM,,,020-7802-7719,020-7802-7696,,,,
ﾋ108,広島シートメタル工業会,739-0403,広島県佐伯区五日市町昭和台32-4,,,,,,
ﾋ109,株式会社 ﾋｶﾜﾏﾘﾝ,108-0075,東京都港区港南2-4-12 YKﾋﾞﾙ,03-3474-1611,03-3450-0058,,,,
ﾋ110,広島商船高等専門学校,725-0231,広島県豊田郡大崎上島町東野4272-1,,,,,,
ﾋ111,広島県立西部工業技術ｾﾝﾀｰ,737-0004,広島県立西部工業技術ｾﾝﾀｰ,0823-74-0050,0823-74-1131,,,,
ﾋ112,日の出海運株式会社,737-0112,呉市広古新開7丁目7-53,0823-76-6107,0823-76-6128,,,,
ﾋ113,光ﾏﾘﾝ株式会社,650-0031,兵庫県神戸市中央区東町123番地1,,,,,,
ﾋ114,日立ﾃﾞｨｰｾﾞﾙｱﾝﾄﾞｴﾝｼﾞﾆｱﾘﾝｸﾞ株式会社,550-0002,大阪市西区江戸堀2丁目6-33,06-6447-1196,06-6447-1198,,,,
ﾋ115,日立ﾃﾞｨｰｾﾞﾙｱﾝﾄﾞｴﾝｼﾞﾆｱﾘﾝｸﾞ株式会社,550-0002,大阪市西区江戸堀2丁目6-33,06-6447-1196,06-6447-1198,,,,
ﾋ116,株式会社,848-0022,佐賀県伊万里市大坪町字猪子谷乙5590-47,0955-26-2558,0955-26-3083,,,,
ﾋ117,樋野電機工業有限会社,699-0101,島根県松江市東出雲町揖屋2801-1,0852-52-6886,0852-52-6534,,,,
ﾋ118,備南工業 株式会社,702-8006,岡山県岡山市中区藤崎705,086-277-9434,086-276-7761,,,,インボイス番号: T5260001005604
ﾋ119,有限会社 疋田塗装工業所,701-0221,岡山県岡山市南区藤田425-536,086-296-6478,086-296-6476,,,,
ﾌ101,藤本電機工業所,725-0401,豊田郡木江町大字木江5166-2,,,,,,
ﾌ102,扶桑産業株式会社,737-0045,呉市本通5丁目10-10,0823-21-4987,0823-21-4989,,,,インボイス番号: T5120001059688
ﾌ103,古野電気株式会社,101-0024,東京都千代田区神田和泉町2-6,03-5687-0452,03-5687-0387,,,"• 舶用事業
商船、漁船、プレジャーボート向け船舶用電子機器・サービス
• 産業用事業
医療機器、GPS/GNSSチップ＆モジュール、ETC2.0/ETC車載器、車両管理ソリューション、インフラ維持管理・気象観測システムなどの機器・サービス
• 無線LAN・ハンディターミナル事業
無線LANアクセスポイント、無線ハンディターミナルの機器・サービス
• その他事業
EMC・環境試験サービス

",インボイス番号: T5140001070263
ﾌ104,福興商事株式会社,737-0125,呉市広本町1-2-18,0823-71-8515,,,,,
ﾌ105,せとうち物流㈱,721-0955,福山市新涯町2丁目23－1,0849-54-0210,0849-53-7975,,,,
ﾌ106,富士貿易株式会社,658-0023,神戸市東灘区深江浜町６,078-413-2621,078-411-3841,,,,
ﾌ107,古野電気株式会社,720-0811,広島県福山市紅葉町2-27,084-993-9777,084-973-3030,,,"• 舶用事業
商船、漁船、プレジャーボート向け船舶用電子機器・サービス
• 産業用事業
医療機器、GPS/GNSSチップ＆モジュール、ETC2.0/ETC車載器、車両管理ソリューション、インフラ維持管理・気象観測システムなどの機器・サービス
• 無線LAN・ハンディターミナル事業
無線LANアクセスポイント、無線ハンディターミナルの機器・サービス
• その他事業
EMC・環境試験サービス

",インボイス番号: T5140001070263
ﾌ108,ﾌｧｰｽﾄ ﾏﾘﾝ ｻｰﾋﾞｽ株式会社,104-0041,東京都中央区新富2丁目14-4,03-3523-8935,03-3523-8946,,,,
ﾌ109,"MARS SHIPPING CO.,S.A.",,,,,,,,
ﾌ110,古野電気株式会社,662-8580,西宮市芦原町9-52,0798-63-1130,0798-64-3792,,,"• 舶用事業
商船、漁船、プレジャーボート向け船舶用電子機器・サービス
• 産業用事業
医療機器、GPS/GNSSチップ＆モジュール、ETC2.0/ETC車載器、車両管理ソリューション、インフラ維持管理・気象観測システムなどの機器・サービス
• 無線LAN・ハンディターミナル事業
無線LANアクセスポイント、無線ハンディターミナルの機器・サービス
• その他事業
EMC・環境試験サービス

",インボイス番号: T5140001070263
ﾌ111,ﾌｸﾉｲﾝﾀｰﾅｼｮﾅﾙ株式会社,140-0003,東京都品川区八潮1-1-2,03-5492-7297,03-5492-0164,,,,
ﾌ112,FLEET MANAGEMENT LIMTED,,,,,,,,
ﾌ113,V.Ships UK Limited,,,,,,,,
ﾌ114,古野電気株式会社,662-8580,西宮市芦原町9-52,0798-63-1087,0798-63-1107,,,"• 舶用事業
商船、漁船、プレジャーボート向け船舶用電子機器・サービス
• 産業用事業
医療機器、GPS/GNSSチップ＆モジュール、ETC2.0/ETC車載器、車両管理ソリューション、インフラ維持管理・気象観測システムなどの機器・サービス
• 無線LAN・ハンディターミナル事業
無線LANアクセスポイント、無線ハンディターミナルの機器・サービス
• その他事業
EMC・環境試験サービス

",インボイス番号: T5140001070263
ﾌ115,福神汽船株式会社,794-0054,愛媛県今治市北日吉町2丁目8番55号,0898-34-7711,0898-34-7733,,,,
ﾌ116,藤原工業株式会社,739-2612,広島県東広島市黒瀬町丸山402,0823-82-2966,0823-82-5793,,,,インボイス番号: T2240001022752
ﾌ117,福電株式会社,672-8031,兵庫県姫路市飾磨区妻鹿1985-1,079-246-3535,079-246-0232,,,,
ﾌ118,船田産業株式会社,737-0823,広島県呉市海岸2-13-3,0823-21-1321,0823-25-2249,,,,
ﾌ119,福山通運株式会社,737-0004,広島県呉市阿賀南6丁目2-30,0823-73-7111,,,,,インボイス番号: T1240001032736
ﾌ120,深田サルベージ建設株式会社,101-0063,東京都千代田区神田淡路町2-6,03-6633-7500,03-6633-7510,,,,インボイス番号: T9120001029720
ﾍ101,平和ﾃｸﾉ株式会社 岩国出張所,740-0034,山口県岩国市南岩国町1-17-31,0827-28-5722,0827-28-5972,,,,
ﾍ102,株式会社ﾍﾞｸﾄﾙ伸和,472-0025,愛知県知立市池端3丁目1番地,0823-36-7177,0823-36-7178,,,,
ﾎ101,防予汽船株式会社,734-0011,広島市南区宇品海岸1丁目11-23,082-253-0165,082-254-0462,,,,
ﾎ102,防予汽船株式会社,742-0021,山口県柳井市柳井134-6,0820-22-3311,0820-22-3312,,,,
ﾎ103,防予商事株式会社,742-0021,柳井市柳井港134-105,,,,,,
ﾎ104,株式会社,220-0073,横浜市西区岡野2-8-13,045-290-6085,,,,,
ﾎ105,防予ﾌｪﾘｰ株式会社,742-0021,山口県柳井市柳井134,0820-22-5909,0820-22-6982,,,,
ﾎ106,ﾎﾟｰﾄｴﾝﾀｰﾌﾟﾗｲｽﾞ株式会社,552-0021,大阪市港区築港2丁目1番28号,06-6573-5391,06-6575-3036,,,,
ﾎ107,株式会社,652-0822,兵庫県神戸市兵庫区西出町1-2-3,078-651-6031,,,,,
ﾏ101,松下電機製作所,652-0833,神戸市兵庫区島上町1-5-11,078-651-2973,078-681-5264,,,,
ﾏ102,松岡船舶（株）,769-2701,香川県大川郡白鳥町湊126-1,0879-24-0231,0879-24-0456,,,,
ﾏ103,ﾏﾘﾝ・ﾌﾟﾛﾃｯｸ・ｻｰﾋﾞｽ株式会社,103-0007,東京都中央区日本橋浜町3-35-5,03-5640-3656,03-5640-8656,,,,
ﾏ104,有限会社,,,,,,,,
ﾏ105,株式会社 ﾏﾘﾝﾗｼﾞｵｻｰﾋﾞｽ,141-0031,東京都品川区西五反田8丁目11番13号,03-5437-8340,03-5437-8344,,,,
ﾏ106,株式会社ﾏｼﾝ商会,812-0051,福岡県福岡市東区箱崎埠頭5丁目8番22号,092-651-6261,092-651-6850,,,,
ﾏ107,株式会社,651-0084,兵庫県神戸市中央区磯辺通2丁目1-2,078-252-0124,078-252-0064,,,,
ﾏ108,株式会社 ﾏｰﾁｬﾝｽﾞ ｼﾞｬﾊﾟﾝ,532-0011,大阪府大阪市淀川区西中島6-7-3,06-6886-6083,06-6886-6084,,,,
ﾐ101,株式会社,424-0901,清水市三保3797,0543-34-5211,0543-34-2767,,,,
ﾐ102,三津石商事株式会社,737-0811,呉市西中央1丁目6-28,0823-25-1388,0823-23-2696,,,,
ﾐ104,西日本旅客鉄道（株）,739-0411,西日本旅客鉄道（株）,0829-56-2045,,,,,
ﾐ105,三井E&Sｼｽﾃﾑ技研株式会社,706-0014,玉野市玉原3-16-3,0863-23-3400,0863-23-3404,,,,インボイス番号: T6040001007266
ﾐ106,三井E&Sｼｽﾃﾑ技研株式会社,706-0014,玉野市玉原3-16-3,0863-23-3500,0863-23-3530,,,,インボイス番号: T6040001007266
ﾐ107,三菱電機株式会社,508-8666,岐阜県中津川市駒場町1-3,0573-66-2153,0573-65-8848,,,,
ﾐ108,株式会社,650-0046,神戸市中央区港島中町2丁目2-1,078-302-2560,078-302-6883,,,,
ﾐ109,三井E&Sｼｽﾃﾑ技研株式会社,706-0014,玉野市玉原3-16-1,0863-23-3410,0863-23-3404,,,,インボイス番号: T6040001007266
ﾐ110,みしお機工株式会社,739-0444,広島県廿日市市林が原1丁目12-5,0829-55-3311,0829-54-1229,,,,
ﾐ111,三鈴ﾏｼﾅﾘｰ株式会社,108-0022,東京都港区海岸3丁目18-1,03-5232-3776,03-5232-2822,,,,
ﾐ112,三菱重工業株式会社,733-8553,広島市西区観音新町4-6-22,082-291-2123,082-294-2648,,,,
ﾐ113,MYKONOS SHIPPING CO.LTD.,,,,,,,,
ﾐ114,三菱重工業株式会社,231-8715,神奈川県横浜市中区錦町12番地,045-629-1313,045-629-1308,,,,
ﾐ115,三井E&S造船株式会社,104-0045,東京都中央区築地5丁目6番4号,03-3544-3201,03-3544-3020,,,,
ﾐ116,三菱重工ﾏｼﾅﾘｰﾃｸﾉﾛｼﾞｰ株式会社,733-8553,広島市西区観音新町4-6-22,082-291-2337,082-294-0377,,,,
ﾐ117,株式会社 三井E&Sﾏｼﾅﾘｰ,706-8651,岡山県玉野市玉3丁目1-1,0863-23-2376,0823-23-2378,,,,
ﾐ118,三鈴ﾏｼﾅﾘｰ株式会社,651-0082,兵庫県神戸市中央区小野浜町15-3,078-333-5031,,,,,
ﾐ119,三菱電機エンジニアリング株式会社,851-2102,長崎県西彼杵郡時津町浜田郷536-10,095-881-0055,095-840-2033,,,,
ﾑ101,向井工業所,737-0134,呉市広多賀谷1丁目4-15,0823-72-8536,,,,,
ﾑ102,株式会社ムラカワ,731-3362,広島県広島市安佐北区安佐町大字久地,082-837-2311,082-837-2622,,,,インボイス番号: T1240001011657
ﾒ101,ﾒｲﾝﾏﾘｰﾝ株式会社,799-0421,愛媛県伊予三島市金子1-5-10,0896-23-9475,0896-23-9476,,,,
ﾒ102,ﾒｲﾝﾏﾘ-ﾝ株式会社,799-0422,愛媛県伊予三島市中之庄町1700,0896-28-1330,0896-28-1325,,,,
ﾒ103,株式会社 明興ﾃｸﾉｽ  明興ﾃｸﾉﾌﾛﾝﾄ,891-0132,鹿児島市七ツ島1丁目5-3,099-261-1300,099-262-2706,,,,
ﾒ104,明電商事株式会社,410-0007,静岡県沼津市西沢田字八半田52,055-923-7380,055-923-7560,,,,
ﾒ105,名和産業株式会社,848-0121,佐賀県伊万里市黒川町塩屋5-1,0955-20-7580,0955-27-2109,,,,
ﾒ106,ﾒｶﾃｯｸ,734-0011,広島市南区宇品海岸1丁目1-36-402,090-5699-5326,082-254-3708,,,,
ﾓ101,森本電機有限会社,729-2502,豊田郡安浦町三津口248-17,0823-84-4359,0823-84-6817,,,,
ﾓ102,株式会社,652-0833,神戸市兵庫区島上町2丁目2-26,078-681-2401,078-681-1061,,,,
ﾓ103,株式会社,737-0012,広島県呉市警固屋3丁目5-26,0823-23-2858,,,,,
ﾔ101,ﾔｴｶﾞｷ電機,739-2626,東広島市黒瀬町市飯田832-5,0823-82-7848,0823-82-7848,,,,
ﾔ103,山本海運株式会社,737-1215,安芸郡音戸町早瀬1丁目49-3,0323-52-2201,0823-52-2203,,,,
ﾔ104,山根海運株式会社,104-0031,東京都中央区京橋3-6-12,03-3562-2786,03-3564-5833,,,,
ﾔ105,安富 弘紀,729-2402,広島県豊田郡安芸津町三津4365-1,,,,,,
ﾔ106,山本鉄工株式会社,726-0012,広島県府中市中須町167-4,0847-52-3450,0847-52-3452,,,,
ﾔ107,山丸汽船株式会社,729-0141,広島県尾道市高須町4755番15,0848-55-5111,0848-55-5112,,,,
ﾔ108,株式会社ヤマウラ,399-4106,長野県駒ヶ根市東町19-16,0265-81-1300,0265-82-6188,,,,
ﾔ109,株式会社 山本製作所,731-4211,広島県安芸郡熊野町新宮4-3-1,082-854-7915,,,,,
ﾔ110,有限会社 山貞工業,739-2619,広島県東広島市黒瀬切田が丘１丁目1-4,0823-82-2720,0823-36-7219,,,,
ﾕ101,株式会社,722-2324,広島県因島市田熊町2517-1,,,,,,
ﾕ102,行友工業株式会社,737-0142,呉市広駅前2丁目8-32,0823-71-2218,,,,,
ﾕ103,株式会社 ﾕｳ･ﾋﾟｰ･ｱｲ,231-0047,横浜市中区羽衣町2丁目5-13,045-243-8090,045-261-6111,,,,
ﾕ104,郵船商事株式会社,105-0022,東京都港区海岸2丁目2-6,03-5765-1822,03-5765-1872,,,,
ﾕ105,郵船商事株式会社,794-0042,愛媛県今治市旭町3-2-13 東京海上日動ﾋﾞﾙ2F,0898-35-3666,0898-35-3689,,,,
ﾕ106,株式会社郵船商事マリン,231-0003,神奈川県横浜市中区北仲通4-40,045-226-0026,045-651-5761,,,,
ﾕ107,ﾕﾆｶｽ工業株式会社,708-1306,岡山県勝田郡奈義町西原455,0868-36-3122,0868-36-3706,,,,インボイス番号: T1260001020334
ﾖ101,横浜電工株式会社,221-0022,神奈川県横浜市神奈川区守屋町1丁目2-2,045-461-5401,045-453-6143,,,,
ﾖ102,ﾖｰｸ ｼﾞｬﾊﾟﾝ株式会社,651-2241,神戸市西区室谷2-2-4(神戸ﾊｲﾃｸﾊﾟｰｸ内),078-991-7300,078-991-7303,,,,
ﾖ103,横河電機株式会社,180-8750,東京都武蔵野市中町2-9-32,0422-52-6675,0422-52-6091,,,"産業オートメーションと制御、計測機器、情報ソリューションを中核とした事業

【制御事業】
・エネルギー＆サステナビリティ事業
再生可能エネルギー・オイル＆ガス・石油・電力・上下水道料金工業用水　
・マテリアル事業
高機能化学 バイオケミカル 肥料 メタル・マイニング モビリティ 半導体・電子・電機 非鉄・鉄　鋼 紙パルプ 繊維　
・ライフ事業　
医薬 医療 食品
【測定器事業】　エネルギー、情報通",
ﾖ104,横河ﾄﾚｰﾃﾞｨﾝｸﾞ株式会社,180-8750,東京都武蔵野市中町2-9-32,,,,,,
ﾖ105,Yokogawa Electric(Malaysia)Sdn Bhd,,,,,,,,
ﾖ106,横浜電工株式会社,652-0822,兵庫県神戸市兵庫区西出町1-2-25,078-651-6031,078-671-7821,,,,
ﾖ107,横河ﾌｨｰﾙﾄﾞｴﾝｼﾞﾆｱﾘﾝｸﾞｻｰﾋﾞｽ株式会社,180-8750,東京都武蔵野市中町2-9-32,0422-52-5942,0422-52-5975,,,,
ﾖ108,横河ｿﾘｭｰｼｮﾝｻｰﾋﾞｽ株式会社,180-8750,東京都武蔵野市中町2-9-32,0422-52-5942,0422-52-5975,,,,
ﾗ101,ﾗｲﾄ電業株式会社,733-0025,広島市西区小河内町2丁目1-23,082-232-7285,082-295-5427,,,,
ﾗ102,ﾗｲﾄ電業株式会社,791-8025,愛媛県松山市衣山2丁目1-1,089-924-6166,089-924-8714,,,,
ﾗ103,ﾗﾎﾞﾃｯｸ・ｲﾝﾀｰﾅｼｮﾅﾙ株式会社,663-8203,兵庫県西宮市深津町1番16号,0798-63-1094,0798-63-1098,,,,
ﾗ104,有限会社ライフライト,214-0004,神奈川県川崎市多摩区菅馬場1-30-12,044-945-6755,044-945-6756,,,,
ﾘ101,株式会社,794-0081,今治市阿方511-1,0898-23-4116,0898-23-4153,,,,
ﾘ102,ﾘｯﾄﾝﾏﾘﾝｼｽﾃﾑｽﾞｱｼﾞｱｲﾝｸ,111-0055,東京都台東区三筋1丁目16-5ﾛﾑｺﾋﾞﾙ,03-3863-7401,03-3863-7455,,,,
ﾘ103,理研計器西日本ｻｰﾋﾞｽ株式会社,731-0135,広島県広島市安佐南区長束3-22-5,082-239-5511,082-239-0800,,,産業用ガス検知警報機器・分析計等の研究、開発、製造、販売及びアフターメンテナンス,
ﾘ104,理研計器九州ｻｰﾋﾞｽ株式会社,813-0042,福岡県福岡市東区舞松原1-10-13,092-451-8145,092-451-8197,,,産業用ガス検知警報機器・分析計等の研究、開発、製造、販売及びアフターメンテナンス,
ﾘ105,ﾘﾍﾞﾗ株式会社,,,,,,,,
ﾘ106,株式会社,799-1537,今治市宮ケ崎甲882-5,0898-47-5050,0898-47-5055,,,,
ﾘ107,ﾘｷｾｲ貿易株式会社,550-0002,大阪市西区江戸堀2丁目5-27 ｱｰｸﾋﾞﾙ,06-6448-2280,06-6448-5297,,,,
ﾘ108,理研計器株式会社,344-0057,埼玉県春日部市南栄町2-3,048-878-8341,048-761-1135,,,産業用ガス検知警報機器・分析計等の研究、開発、製造、販売及びアフターメンテナンス,
ﾘ109,菱電商事株式会社,730-0013,広島県広島市中区八丁堀5-7,082-227-6911,082-227-3926,,,,
ﾜ101,若松造船株式会社,808-0023,北九州市若松区北浜1丁目9-2,093-761-3331,093-751-0331,,,,
ﾜ102,和田工舎,,呉市阿賀4丁目3-1,0823-74-2929,0823-74-2900,,,,
ﾜ103,和要電工株式会社,110-0016,東京都台東区台東3丁目31-1,03-3834-5225,03-3835-2605,,,,
ﾜ104,株式会社,101-0052,東京都千代田区神田小川町1-1,03-5283-5252,03-5283-5251,,,,
